permit_id,permit_date,lat,lng,permit_type,status,business_name
P-0,2021-10-22,32.33317,-86.30808,new_commercial,expired_closed,Business 0
P-1,2021-09-25,32.3625,-86.26271,remodel_commercial,expired_closed,Business 1
P-2,2019-05-10,32.34297,-86.31264,remodel_commercial,active,Business 2
P-3,2023-10-14,32.33705,-86.27451,remodel_commercial,finaled,Business 3
P-4,2017-06-21,32.37223,-86.25389,roofing,finaled,
P-5,2019-08-16,32.37598,-86.28844,new_commercial,expired_closed,Business 5
P-6,2018-03-28,32.3885,-86.30663,residential_new,finaled,
P-7,2015-02-04,32.38902,-86.26722,roofing,finaled,
P-8,2015-12-22,32.34188,-86.31739,new_commercial,expired_closed,Business 8
P-9,2023-03-18,32.35091,-86.28754,roofing,finaled,
P-10,2017-11-06,32.34766,-86.31481,remodel_commercial,expired_closed,Business 10
P-11,2019-01-03,32.34525,-86.25406,residential_new,finaled,
P-12,2016-04-12,32.37347,-86.25779,roofing,finaled,
P-13,2024-09-23,32.36199,-86.30939,new_commercial,expired_closed,Business 13
P-14,2020-11-11,32.32683,-86.31951,remodel_commercial,expired_closed,Business 14
P-15,2023-06-04,32.34706,-86.30617,remodel_commercial,active,Business 15
P-16,2021-04-02,32.38626,-86.28592,roofing,finaled,
P-17,2021-12-20,32.39882,-86.2977,remodel_commercial,finaled,Business 17
P-18,2019-10-07,32.38072,-86.28756,residential_new,finaled,
P-19,2021-03-27,32.35787,-86.30001,new_commercial,expired_closed,Business 19
P-20,2024-08-27,32.32449,-86.30454,remodel_commercial,expired_closed,Business 20
P-21,2024-05-10,32.36042,-86.27397,remodel_commercial,active,Business 21
P-22,2024-05-22,32.36807,-86.29396,remodel_commercial,expired_closed,Business 22
P-23,2015-04-29,32.36688,-86.29625,residential_new,finaled,
P-24,2024-12-08,32.33657,-86.30793,residential_new,finaled,
P-25,2018-08-17,32.33313,-86.30296,remodel_commercial,active,Business 25
P-26,2023-02-18,32.34369,-86.25731,residential_new,finaled,
P-27,2024-05-04,32.33588,-86.27269,new_commercial,expired_closed,Business 27
P-28,2020-12-17,32.36827,-86.30703,residential_new,finaled,
P-29,2016-05-03,32.35743,-86.26242,remodel_commercial,finaled,Business 29
P-30,2016-03-19,32.39368,-86.26025,roofing,finaled,
P-31,2016-02-23,32.33818,-86.28377,roofing,finaled,
P-32,2017-01-14,,,new_commercial,active,Business 32
P-33,2016-01-20,32.39926,-86.29851,roofing,finaled,
P-34,2015-10-21,32.37587,-86.27687,remodel_commercial,finaled,Business 34
P-35,2022-07-16,32.38809,-86.26761,roofing,finaled,
P-36,2022-07-13,32.37046,-86.31597,remodel_commercial,finaled,Business 36
P-37,2019-08-14,,,residential_new,finaled,
P-38,2018-11-07,32.39486,-86.27435,residential_new,finaled,
P-39,2020-09-04,32.32269,-86.28087,remodel_commercial,finaled,Business 39
P-40,2021-03-08,32.32123,-86.31055,new_commercial,active,Business 40
P-41,2019-12-29,32.396,-86.27496,roofing,finaled,
P-42,2018-10-14,32.34704,-86.29672,remodel_commercial,active,Business 42
P-43,2015-02-03,32.35068,-86.28125,remodel_commercial,active,Business 43
P-44,2022-12-23,32.38635,-86.29151,remodel_commercial,finaled,Business 44
P-45,2018-04-24,32.37036,-86.26516,roofing,finaled,
P-46,2022-01-23,32.36585,-86.31261,new_commercial,finaled,Business 46
P-47,2020-02-03,32.38755,-86.29928,roofing,finaled,
P-48,2018-10-21,32.32955,-86.31783,residential_new,finaled,
P-49,2021-12-23,32.32699,-86.28158,new_commercial,active,Business 49
P-50,2019-10-07,32.36886,-86.28516,remodel_commercial,expired_closed,Business 50
P-51,2015-01-01,32.32584,-86.25897,remodel_commercial,active,Business 51
P-52,2022-03-02,32.36643,-86.27961,residential_new,finaled,
P-53,2019-12-15,32.33157,-86.26096,new_commercial,active,Business 53
P-54,2022-05-29,32.39126,-86.2896,new_commercial,finaled,Business 54
P-55,2018-10-07,32.39955,-86.28215,new_commercial,active,Business 55
P-56,2023-04-10,32.36153,-86.27658,new_commercial,expired_closed,Business 56
P-57,2021-10-05,32.37553,-86.31023,residential_new,finaled,
P-58,2014-08-24,32.32926,-86.30298,roofing,finaled,
P-59,2016-06-15,32.34939,-86.27789,roofing,finaled,
P-60,2022-07-01,32.35753,-86.29457,remodel_commercial,active,Business 60
P-61,2017-12-06,32.3474,-86.27786,residential_new,finaled,
P-62,2022-11-15,32.384,-86.27728,roofing,finaled,
P-63,2016-12-12,32.38411,-86.29228,remodel_commercial,finaled,Business 63
P-64,2024-09-15,32.32599,-86.31075,roofing,finaled,
P-65,2020-11-14,32.3303,-86.27469,remodel_commercial,expired_closed,Business 65
P-66,2020-11-15,32.39882,-86.28787,roofing,finaled,
P-67,2015-08-19,32.36297,-86.26696,roofing,finaled,
P-68,2022-06-17,32.39698,-86.25065,new_commercial,finaled,Business 68
P-69,2016-02-11,32.32781,-86.30127,residential_new,finaled,
P-70,2014-05-24,32.3429,-86.29005,residential_new,finaled,
P-71,2016-02-24,32.36572,-86.27742,new_commercial,active,Business 71
P-72,2019-10-31,32.37983,-86.30529,roofing,finaled,
P-73,2021-06-02,32.37426,-86.29803,roofing,finaled,
P-74,2023-04-12,32.34915,-86.31725,residential_new,finaled,
P-75,2016-09-21,32.38089,-86.28779,remodel_commercial,expired_closed,Business 75
P-76,2017-08-08,32.36045,-86.25842,remodel_commercial,finaled,Business 76
P-77,2020-08-23,32.3821,-86.26235,roofing,finaled,
P-78,2014-06-12,32.36085,-86.30543,residential_new,finaled,
P-79,2017-11-23,32.33854,-86.31557,residential_new,finaled,
P-80,2020-10-12,32.3281,-86.31327,new_commercial,finaled,Business 80
P-81,2019-11-22,32.3825,-86.2872,residential_new,finaled,
P-82,2022-01-09,32.33962,-86.28352,residential_new,finaled,
P-83,2020-02-03,32.39931,-86.26929,roofing,finaled,
P-84,2019-03-28,32.32464,-86.28025,new_commercial,active,Business 84
P-85,2020-01-13,32.32,-86.28419,new_commercial,active,Business 85
P-86,2018-05-02,32.3515,-86.25907,roofing,finaled,
P-87,2015-09-01,,,new_commercial,active,Business 87
P-88,2024-03-11,32.32803,-86.31634,remodel_commercial,expired_closed,Business 88
P-89,2014-03-23,32.38199,-86.2565,roofing,finaled,
P-90,2016-10-19,32.35945,-86.31347,remodel_commercial,expired_closed,Business 90
P-91,2024-08-22,32.37015,-86.26482,remodel_commercial,expired_closed,Business 91
P-92,2016-10-12,32.38449,-86.30868,roofing,finaled,
P-93,2022-11-05,32.3389,-86.25736,remodel_commercial,expired_closed,Business 93
P-94,2020-12-27,32.38295,-86.29091,roofing,finaled,
P-95,2016-01-18,32.34104,-86.3144,new_commercial,active,Business 95
P-96,2024-05-26,32.38326,-86.29674,roofing,finaled,
P-97,2024-02-16,32.34839,-86.31386,new_commercial,finaled,Business 97
P-98,2016-01-17,,,residential_new,finaled,
P-99,2017-02-14,32.39499,-86.27827,roofing,finaled,
P-100,2014-11-10,32.36572,-86.30651,roofing,finaled,
P-101,2014-09-17,32.3883,-86.29307,new_commercial,finaled,Business 101
P-102,2016-08-27,32.38855,-86.29472,roofing,finaled,
P-103,2023-10-16,32.34917,-86.30479,residential_new,finaled,
P-104,2018-12-31,32.36173,-86.28299,new_commercial,finaled,Business 104
P-105,2023-08-28,32.37902,-86.2676,new_commercial,active,Business 105
P-106,2020-03-10,32.34369,-86.26121,roofing,finaled,
P-107,2023-08-27,32.37037,-86.30421,roofing,finaled,
P-108,2017-02-12,32.35841,-86.29458,roofing,finaled,
P-109,2015-11-24,,,remodel_commercial,active,Business 109
P-110,2017-01-03,32.3472,-86.2991,roofing,finaled,
P-111,2023-06-07,32.36293,-86.29039,new_commercial,active,Business 111
P-112,2014-07-22,,,residential_new,finaled,
P-113,2016-07-10,32.33338,-86.3041,roofing,finaled,
P-114,2018-05-28,32.361,-86.31142,new_commercial,active,Business 114
P-115,2023-07-29,,,new_commercial,expired_closed,Business 115
P-116,2022-06-06,32.37114,-86.29172,new_commercial,expired_closed,Business 116
P-117,2023-12-22,32.35161,-86.25985,roofing,finaled,
P-118,2019-05-23,,,roofing,finaled,
P-119,2014-10-16,32.36669,-86.2985,remodel_commercial,active,Business 119
P-120,2017-02-20,32.35344,-86.31687,residential_new,finaled,
P-121,2021-06-04,32.39431,-86.31422,roofing,finaled,
P-122,2022-03-30,32.34606,-86.28274,roofing,finaled,
P-123,2024-12-05,32.35526,-86.27001,residential_new,finaled,
P-124,2018-07-28,32.35013,-86.26028,remodel_commercial,expired_closed,Business 124
P-125,2017-06-03,32.35078,-86.26179,new_commercial,active,Business 125
P-126,2021-08-24,32.33601,-86.30715,remodel_commercial,expired_closed,Business 126
P-127,2016-12-19,32.33606,-86.27606,roofing,finaled,
P-128,2019-11-05,32.35768,-86.27086,new_commercial,finaled,Business 128
P-129,2020-12-04,,,remodel_commercial,active,Business 129
P-130,2024-04-16,32.33426,-86.2646,roofing,finaled,
P-131,2014-03-05,,,remodel_commercial,expired_closed,Business 131
P-132,2019-08-16,32.39098,-86.28904,roofing,finaled,
P-133,2019-07-03,32.36759,-86.2538,new_commercial,finaled,Business 133
P-134,2018-04-18,32.33698,-86.30602,new_commercial,active,Business 134
P-135,2015-04-12,32.39847,-86.26684,remodel_commercial,finaled,Business 135
P-136,2018-05-24,32.34026,-86.27917,remodel_commercial,active,Business 136
P-137,2024-10-07,32.32835,-86.31072,remodel_commercial,expired_closed,Business 137
P-138,2022-02-07,32.32036,-86.27903,residential_new,finaled,
P-139,2024-01-19,32.38817,-86.26831,residential_new,finaled,
P-140,2022-10-26,,,remodel_commercial,finaled,Business 140
P-141,2018-07-06,32.38025,-86.29604,new_commercial,finaled,Business 141
P-142,2017-09-17,32.32952,-86.30667,roofing,finaled,
P-143,2020-06-09,32.33609,-86.25796,remodel_commercial,active,Business 143
P-144,2021-05-25,32.39065,-86.3034,remodel_commercial,active,Business 144
P-145,2014-02-07,32.35848,-86.30661,remodel_commercial,active,Business 145
P-146,2021-11-05,32.38878,-86.30566,residential_new,finaled,
P-147,2021-07-29,32.37109,-86.27335,roofing,finaled,
P-148,2020-07-23,32.34404,-86.31017,residential_new,finaled,
P-149,2014-04-29,32.38751,-86.26547,roofing,finaled,
P-150,2014-02-14,32.34609,-86.29059,roofing,finaled,
P-151,2017-03-20,,,roofing,finaled,
P-152,2020-09-11,32.3833,-86.29451,roofing,finaled,
P-153,2020-02-14,32.34488,-86.2973,remodel_commercial,finaled,Business 153
P-154,2022-03-20,32.34676,-86.27979,roofing,finaled,
P-155,2024-01-30,32.37031,-86.31098,new_commercial,expired_closed,Business 155
P-156,2016-08-01,32.35905,-86.26021,remodel_commercial,active,Business 156
P-157,2021-09-19,,,new_commercial,finaled,Business 157
P-158,2014-06-01,32.38972,-86.26382,roofing,finaled,
P-159,2018-03-06,32.32397,-86.31693,residential_new,finaled,
P-160,2020-05-15,32.34668,-86.28743,new_commercial,active,Business 160
P-161,2014-08-09,32.37866,-86.26134,new_commercial,finaled,Business 161
P-162,2020-02-29,32.3436,-86.2958,roofing,finaled,
P-163,2022-12-05,32.33073,-86.30478,remodel_commercial,expired_closed,Business 163
P-164,2023-02-26,32.38901,-86.27648,remodel_commercial,finaled,Business 164
P-165,2019-09-03,32.3828,-86.30477,roofing,finaled,
P-166,2021-10-10,32.35056,-86.27079,roofing,finaled,
P-167,2018-09-15,32.38363,-86.28506,new_commercial,finaled,Business 167
P-168,2019-05-11,32.35654,-86.25357,roofing,finaled,
P-169,2020-07-23,32.32557,-86.30213,roofing,finaled,
P-170,2017-11-15,32.37027,-86.28264,remodel_commercial,finaled,Business 170
P-171,2021-03-10,32.34168,-86.30643,residential_new,finaled,
P-172,2016-10-09,32.32385,-86.28717,new_commercial,active,Business 172
P-173,2021-08-15,32.35799,-86.25231,residential_new,finaled,
P-174,2023-04-18,32.34604,-86.29862,roofing,finaled,
P-175,2015-03-13,32.33397,-86.27494,remodel_commercial,active,Business 175
P-176,2024-05-06,32.38899,-86.27213,new_commercial,expired_closed,Business 176
P-177,2015-08-21,32.3319,-86.29384,new_commercial,expired_closed,Business 177
P-178,2020-10-11,32.34847,-86.27064,remodel_commercial,finaled,Business 178
P-179,2015-12-27,32.3216,-86.2895,remodel_commercial,expired_closed,Business 179
P-180,2014-05-27,32.3325,-86.2976,remodel_commercial,finaled,Business 180
P-181,2015-06-15,32.3379,-86.26737,residential_new,finaled,
P-182,2022-06-22,32.39493,-86.27001,new_commercial,expired_closed,Business 182
P-183,2024-02-25,,,roofing,finaled,
P-184,2016-07-07,32.37994,-86.25419,remodel_commercial,active,Business 184
P-185,2023-01-18,32.37398,-86.26746,roofing,finaled,
P-186,2019-05-02,32.37686,-86.26439,remodel_commercial,expired_closed,Business 186
P-187,2024-11-19,32.33758,-86.25108,roofing,finaled,
P-188,2021-05-21,32.39776,-86.28848,roofing,finaled,
P-189,2015-12-24,32.3932,-86.3187,remodel_commercial,expired_closed,Business 189
P-190,2016-01-24,32.33811,-86.3099,roofing,finaled,
P-191,2020-11-03,32.37796,-86.30303,new_commercial,finaled,Business 191
P-192,2021-04-11,32.3711,-86.31266,remodel_commercial,active,Business 192
P-193,2023-11-12,32.35418,-86.31947,remodel_commercial,active,Business 193
P-194,2020-03-06,32.33526,-86.26247,roofing,finaled,
P-195,2021-05-27,32.37665,-86.29799,new_commercial,expired_closed,Business 195
P-196,2020-01-04,32.33934,-86.31848,remodel_commercial,expired_closed,Business 196
P-197,2018-01-16,32.36193,-86.26818,roofing,finaled,
P-198,2022-05-28,32.36362,-86.31026,remodel_commercial,expired_closed,Business 198
P-199,2020-06-04,32.3925,-86.27028,residential_new,finaled,
P-200,2019-12-26,32.32056,-86.30639,remodel_commercial,finaled,Business 200
P-201,2015-07-17,32.36053,-86.28876,residential_new,finaled,
P-202,2018-11-11,32.32265,-86.26795,remodel_commercial,active,Business 202
P-203,2021-11-08,32.38846,-86.26807,residential_new,finaled,
P-204,2023-02-24,32.33025,-86.31046,residential_new,finaled,
P-205,2016-06-09,32.34584,-86.29713,residential_new,finaled,
P-206,2017-05-05,32.38828,-86.26148,residential_new,finaled,
P-207,2024-11-24,32.34369,-86.31587,residential_new,finaled,
P-208,2024-08-26,32.32393,-86.27471,new_commercial,finaled,Business 208
P-209,2021-01-12,32.38966,-86.26243,residential_new,finaled,
P-210,2018-04-03,32.36624,-86.28116,remodel_commercial,active,Business 210
P-211,2018-07-20,32.37177,-86.25395,roofing,finaled,
P-212,2022-10-01,32.37673,-86.31333,roofing,finaled,
P-213,2022-12-17,32.35135,-86.28285,residential_new,finaled,
P-214,2024-08-22,,,new_commercial,active,Business 214
P-215,2022-07-27,32.32729,-86.2895,residential_new,finaled,
P-216,2023-05-24,,,remodel_commercial,active,Business 216
P-217,2017-05-24,32.37024,-86.3036,residential_new,finaled,
P-218,2020-04-01,32.36775,-86.26992,residential_new,finaled,
P-219,2020-05-04,32.36899,-86.26231,new_commercial,expired_closed,Business 219
P-220,2021-01-13,32.39252,-86.25656,roofing,finaled,
P-221,2023-07-11,32.34103,-86.28153,roofing,finaled,
P-222,2019-02-14,32.3317,-86.31606,residential_new,finaled,
P-223,2023-03-10,32.37189,-86.28425,residential_new,finaled,
P-224,2021-08-24,32.38927,-86.28493,roofing,finaled,
P-225,2020-01-10,32.34248,-86.2834,remodel_commercial,finaled,Business 225
P-226,2014-01-31,32.32003,-86.27875,remodel_commercial,expired_closed,Business 226
P-227,2021-06-08,32.33902,-86.30973,roofing,finaled,
P-228,2024-06-07,32.3901,-86.27207,roofing,finaled,
P-229,2024-02-21,32.3943,-86.26713,remodel_commercial,finaled,Business 229
P-230,2024-02-12,32.3268,-86.29741,remodel_commercial,active,Business 230
P-231,2015-07-28,32.35015,-86.3038,new_commercial,expired_closed,Business 231
P-232,2022-02-15,32.34187,-86.31052,remodel_commercial,expired_closed,Business 232
P-233,2024-10-12,32.33909,-86.26354,residential_new,finaled,
P-234,2015-10-23,32.38974,-86.31993,roofing,finaled,
P-235,2018-10-09,32.34178,-86.284,new_commercial,active,Business 235
P-236,2018-11-18,32.32974,-86.30695,new_commercial,expired_closed,Business 236
P-237,2023-10-04,32.38603,-86.2932,remodel_commercial,finaled,Business 237
P-238,2023-04-20,32.36967,-86.31893,roofing,finaled,
P-239,2016-07-03,,,new_commercial,finaled,Business 239
P-240,2017-11-20,32.35238,-86.30855,remodel_commercial,active,Business 240
P-241,2024-10-24,32.38107,-86.26935,residential_new,finaled,
P-242,2018-10-18,32.37908,-86.29163,new_commercial,active,Business 242
P-243,2014-10-19,32.36926,-86.25875,remodel_commercial,active,Business 243
P-244,2020-07-23,32.36111,-86.31433,residential_new,finaled,
P-245,2022-12-26,32.3731,-86.30515,new_commercial,active,Business 245
P-246,2018-06-26,32.34981,-86.2783,remodel_commercial,active,Business 246
P-247,2023-12-05,32.33762,-86.28826,roofing,finaled,
P-248,2022-05-31,32.39176,-86.2508,residential_new,finaled,
P-249,2019-08-07,32.361,-86.25604,new_commercial,expired_closed,Business 249
P-250,2016-02-14,32.36852,-86.28718,residential_new,finaled,
P-251,2021-09-05,,,roofing,finaled,
P-252,2014-07-14,32.33214,-86.31562,residential_new,finaled,
P-253,2014-03-23,32.33059,-86.25603,roofing,finaled,
P-254,2015-11-18,32.38396,-86.25685,residential_new,finaled,
P-255,2023-08-10,32.38584,-86.27637,new_commercial,expired_closed,Business 255
P-256,2017-04-27,32.34268,-86.28785,remodel_commercial,expired_closed,Business 256
P-257,2015-03-21,32.38735,-86.27881,roofing,finaled,
P-258,2023-08-25,32.37999,-86.31419,roofing,finaled,
P-259,2022-10-03,32.38592,-86.28985,new_commercial,active,Business 259
P-260,2020-11-11,32.38562,-86.30761,roofing,finaled,
P-261,2016-01-17,32.35297,-86.25004,roofing,finaled,
P-262,2020-04-25,32.38155,-86.28107,residential_new,finaled,
P-263,2022-10-19,32.34255,-86.31134,remodel_commercial,finaled,Business 263
P-264,2014-02-21,32.37265,-86.27758,residential_new,finaled,
P-265,2024-03-28,32.34882,-86.29536,residential_new,finaled,
P-266,2022-11-01,32.33998,-86.25226,roofing,finaled,
P-267,2020-06-02,32.37069,-86.29188,remodel_commercial,finaled,Business 267
P-268,2023-12-10,32.3279,-86.26215,remodel_commercial,active,Business 268
P-269,2019-05-27,32.38021,-86.27032,remodel_commercial,finaled,Business 269
P-270,2022-01-26,32.39205,-86.26634,residential_new,finaled,
P-271,2019-08-10,32.32243,-86.3168,roofing,finaled,
P-272,2023-12-17,32.36762,-86.27046,new_commercial,finaled,Business 272
P-273,2021-10-28,32.32079,-86.31634,new_commercial,active,Business 273
P-274,2020-08-25,32.38356,-86.29132,remodel_commercial,active,Business 274
P-275,2022-01-23,32.36935,-86.28714,new_commercial,expired_closed,Business 275
P-276,2014-04-07,32.3534,-86.31171,new_commercial,active,Business 276
P-277,2021-11-12,32.3485,-86.25358,roofing,finaled,
P-278,2017-06-11,32.39494,-86.28216,roofing,finaled,
P-279,2017-05-18,32.36647,-86.26607,roofing,finaled,
P-280,2016-01-23,32.32677,-86.27739,remodel_commercial,active,Business 280
P-281,2024-07-07,32.3881,-86.29294,residential_new,finaled,
P-282,2023-08-10,32.34104,-86.31479,new_commercial,expired_closed,Business 282
P-283,2024-07-04,32.36178,-86.31317,new_commercial,expired_closed,Business 283
P-284,2018-11-30,32.39918,-86.31116,remodel_commercial,finaled,Business 284
P-285,2020-02-17,32.33217,-86.31158,remodel_commercial,expired_closed,Business 285
P-286,2021-09-30,32.34605,-86.30469,remodel_commercial,active,Business 286
P-287,2016-07-01,32.35238,-86.28232,residential_new,finaled,
P-288,2016-04-22,32.35401,-86.27497,residential_new,finaled,
P-289,2017-01-30,32.38792,-86.2656,remodel_commercial,finaled,Business 289
P-290,2018-07-09,32.3788,-86.28271,new_commercial,finaled,Business 290
P-291,2023-11-03,32.33683,-86.28907,remodel_commercial,expired_closed,Business 291
P-292,2018-07-03,32.36704,-86.28749,remodel_commercial,active,Business 292
P-293,2017-10-31,32.38986,-86.2974,remodel_commercial,finaled,Business 293
P-294,2017-04-14,32.37483,-86.2827,new_commercial,active,Business 294
P-295,2022-03-18,32.37703,-86.25892,residential_new,finaled,
P-296,2021-08-27,32.34124,-86.28418,remodel_commercial,expired_closed,Business 296
P-297,2018-11-22,,,residential_new,finaled,
P-298,2018-01-02,32.37718,-86.27025,new_commercial,active,Business 298
P-299,2019-05-02,32.39694,-86.27497,residential_new,finaled,
P-300,2019-08-31,32.36733,-86.25821,roofing,finaled,
P-301,2021-07-14,32.36517,-86.27749,roofing,finaled,
P-302,2020-08-26,32.36664,-86.26634,new_commercial,active,Business 302
P-303,2018-06-06,32.38604,-86.31323,remodel_commercial,expired_closed,Business 303
P-304,2015-02-10,32.38788,-86.2765,new_commercial,expired_closed,Business 304
P-305,2023-09-18,32.36178,-86.29602,roofing,finaled,
P-306,2020-09-06,32.38981,-86.25215,roofing,finaled,
P-307,2015-09-21,32.37253,-86.26448,residential_new,finaled,
P-308,2014-04-18,32.34199,-86.25256,remodel_commercial,active,Business 308
P-309,2014-08-19,32.32366,-86.25771,new_commercial,active,Business 309
P-310,2022-03-17,32.32268,-86.27421,residential_new,finaled,
P-311,2018-07-30,32.34549,-86.27201,residential_new,finaled,
P-312,2017-06-20,32.36007,-86.30437,residential_new,finaled,
P-313,2021-08-22,32.34648,-86.25229,new_commercial,active,Business 313
P-314,2022-03-28,,,roofing,finaled,
P-315,2021-07-29,32.39447,-86.29349,roofing,finaled,
P-316,2023-01-07,32.39123,-86.31238,roofing,finaled,
P-317,2014-05-11,32.39748,-86.29236,residential_new,finaled,
P-318,2019-05-31,32.34032,-86.30714,new_commercial,active,Business 318
P-319,2017-01-06,32.34996,-86.25829,new_commercial,finaled,Business 319
P-320,2018-01-03,32.33304,-86.27915,remodel_commercial,active,Business 320
P-321,2024-11-10,32.37289,-86.2664,new_commercial,expired_closed,Business 321
P-322,2020-09-24,32.3758,-86.28816,residential_new,finaled,
P-323,2016-05-25,32.37036,-86.28528,new_commercial,active,Business 323
P-324,2022-06-07,32.3502,-86.2834,residential_new,finaled,
P-325,2016-04-17,32.32377,-86.25801,new_commercial,active,Business 325
P-326,2019-02-08,32.38258,-86.3161,residential_new,finaled,
P-327,2022-10-13,32.33723,-86.30146,roofing,finaled,
P-328,2023-09-12,32.36425,-86.31657,roofing,finaled,
P-329,2022-08-31,32.3933,-86.31886,roofing,finaled,
P-330,2018-02-23,,,new_commercial,active,Business 330
P-331,2020-10-12,32.39382,-86.27588,roofing,finaled,
P-332,2023-05-15,32.32844,-86.29983,new_commercial,expired_closed,Business 332
P-333,2020-04-05,,,remodel_commercial,expired_closed,Business 333
P-334,2023-09-11,32.3698,-86.31269,residential_new,finaled,
P-335,2016-12-08,32.3506,-86.3113,new_commercial,active,Business 335
P-336,2020-09-10,32.38387,-86.25779,residential_new,finaled,
P-337,2022-06-02,32.39412,-86.27048,residential_new,finaled,
P-338,2022-09-11,32.37434,-86.30417,roofing,finaled,
P-339,2014-12-24,32.38496,-86.29551,residential_new,finaled,
P-340,2014-05-02,32.33195,-86.27852,new_commercial,active,Business 340
P-341,2023-04-23,32.38725,-86.30861,remodel_commercial,active,Business 341
P-342,2017-03-07,32.33542,-86.26732,roofing,finaled,
P-343,2015-07-29,32.3379,-86.28827,new_commercial,expired_closed,Business 343
P-344,2022-08-24,32.32171,-86.26252,remodel_commercial,expired_closed,Business 344
P-345,2021-09-12,32.3474,-86.2972,new_commercial,finaled,Business 345
P-346,2022-08-06,32.35086,-86.29764,new_commercial,expired_closed,Business 346
P-347,2019-08-05,32.39202,-86.30702,residential_new,finaled,
P-348,2022-04-15,32.3726,-86.30874,roofing,finaled,
P-349,2022-01-23,32.33123,-86.31958,new_commercial,active,Business 349
P-350,2024-02-01,32.34244,-86.26598,roofing,finaled,
P-351,2021-07-06,32.38711,-86.30202,new_commercial,expired_closed,Business 351
P-352,2020-10-11,32.35616,-86.28546,roofing,finaled,
P-353,2019-05-17,32.33731,-86.25368,remodel_commercial,finaled,Business 353
P-354,2021-12-23,32.39188,-86.31457,remodel_commercial,expired_closed,Business 354
P-355,2023-07-28,32.3639,-86.29698,residential_new,finaled,
P-356,2016-04-17,32.32585,-86.28181,residential_new,finaled,
P-357,2019-04-30,32.37173,-86.26923,new_commercial,active,Business 357
P-358,2015-12-22,32.39497,-86.31769,remodel_commercial,expired_closed,Business 358
P-359,2024-05-23,32.34203,-86.27525,remodel_commercial,active,Business 359
P-360,2023-12-11,32.37532,-86.29141,new_commercial,expired_closed,Business 360
P-361,2015-03-27,32.33415,-86.27713,residential_new,finaled,
P-362,2016-12-18,32.34513,-86.29236,residential_new,finaled,
P-363,2020-02-16,32.34764,-86.30171,roofing,finaled,
P-364,2016-12-22,,,roofing,finaled,
P-365,2024-11-13,32.3863,-86.30206,roofing,finaled,
P-366,2017-02-16,32.32375,-86.26846,residential_new,finaled,
P-367,2020-01-06,32.36871,-86.27979,remodel_commercial,finaled,Business 367
P-368,2014-07-15,32.34637,-86.31379,roofing,finaled,
P-369,2021-11-09,32.34252,-86.30407,roofing,finaled,
P-370,2015-11-16,32.3362,-86.30844,remodel_commercial,active,Business 370
P-371,2021-09-14,32.39846,-86.2782,residential_new,finaled,
P-372,2024-04-19,32.34007,-86.26544,remodel_commercial,expired_closed,Business 372
P-373,2023-11-07,32.36971,-86.28127,remodel_commercial,expired_closed,Business 373
P-374,2017-05-06,32.38107,-86.31651,residential_new,finaled,
P-375,2017-04-23,32.38996,-86.28768,residential_new,finaled,
P-376,2020-02-22,32.32637,-86.30581,new_commercial,active,Business 376
P-377,2017-03-25,32.35364,-86.28333,new_commercial,active,Business 377
P-378,2020-05-16,32.33979,-86.27293,residential_new,finaled,
P-379,2022-09-08,32.32481,-86.262,remodel_commercial,active,Business 379
P-380,2022-11-05,32.36434,-86.3074,roofing,finaled,
P-381,2021-04-19,32.32423,-86.25333,new_commercial,active,Business 381
P-382,2019-02-15,32.37301,-86.25281,roofing,finaled,
P-383,2018-09-28,32.38134,-86.25497,residential_new,finaled,
P-384,2023-12-07,32.33348,-86.27449,roofing,finaled,
P-385,2020-12-21,32.32164,-86.31635,roofing,finaled,
P-386,2014-01-23,32.39797,-86.25343,residential_new,finaled,
P-387,2021-05-02,32.39251,-86.28121,roofing,finaled,
P-388,2024-05-25,32.36696,-86.31583,new_commercial,active,Business 388
P-389,2019-09-19,32.37645,-86.26147,remodel_commercial,expired_closed,Business 389
P-390,2019-01-26,32.39975,-86.26086,new_commercial,finaled,Business 390
P-391,2024-04-28,32.34096,-86.28999,roofing,finaled,
P-392,2024-03-19,32.36175,-86.27016,new_commercial,finaled,Business 392
P-393,2015-08-22,,,remodel_commercial,finaled,Business 393
P-394,2014-08-22,32.35418,-86.29161,roofing,finaled,
P-395,2020-06-28,32.3728,-86.31385,new_commercial,expired_closed,Business 395
P-396,2019-03-21,32.32501,-86.2528,new_commercial,active,Business 396
P-397,2014-09-28,32.3786,-86.30009,remodel_commercial,finaled,Business 397
P-398,2019-09-17,32.36652,-86.2647,new_commercial,expired_closed,Business 398
P-399,2021-12-19,32.32584,-86.27433,residential_new,finaled,
P-400,2017-08-15,32.37879,-86.29215,roofing,finaled,
P-401,2023-11-20,32.32616,-86.28205,roofing,finaled,
P-402,2019-10-19,32.3904,-86.27781,new_commercial,finaled,Business 402
P-403,2023-08-04,32.38573,-86.26646,residential_new,finaled,
P-404,2016-08-30,32.38482,-86.28176,residential_new,finaled,
P-405,2019-03-24,32.32372,-86.29834,new_commercial,active,Business 405
P-406,2014-03-26,32.37517,-86.3089,roofing,finaled,
P-407,2016-05-14,32.36732,-86.30711,residential_new,finaled,
P-408,2018-01-22,32.33751,-86.3099,residential_new,finaled,
P-409,2015-08-11,32.36323,-86.26882,residential_new,finaled,
P-410,2015-09-30,32.32895,-86.2526,roofing,finaled,
P-411,2017-09-29,32.33181,-86.2884,new_commercial,finaled,Business 411
P-412,2020-12-24,32.37948,-86.26358,residential_new,finaled,
P-413,2014-05-08,32.36154,-86.28021,remodel_commercial,expired_closed,Business 413
P-414,2017-08-09,32.32333,-86.29501,remodel_commercial,finaled,Business 414
P-415,2018-10-28,32.34435,-86.29578,residential_new,finaled,
P-416,2022-07-10,32.36951,-86.29008,remodel_commercial,active,Business 416
P-417,2019-05-28,32.38195,-86.26653,roofing,finaled,
P-418,2016-11-15,32.348,-86.25069,roofing,finaled,
P-419,2021-03-07,32.3451,-86.30532,roofing,finaled,
P-420,2023-01-10,32.36571,-86.28507,roofing,finaled,
P-421,2021-03-02,32.36172,-86.26109,roofing,finaled,
P-422,2018-06-29,,,roofing,finaled,
P-423,2021-04-28,32.37194,-86.26072,remodel_commercial,finaled,Business 423
P-424,2019-05-17,32.36482,-86.2541,residential_new,finaled,
P-425,2021-03-29,,,residential_new,finaled,
P-426,2017-05-16,32.36403,-86.28083,remodel_commercial,expired_closed,Business 426
P-427,2017-01-09,,,roofing,finaled,
P-428,2024-05-07,32.3883,-86.29895,remodel_commercial,expired_closed,Business 428
P-429,2017-05-18,32.34796,-86.26001,roofing,finaled,
P-430,2018-11-28,32.3889,-86.26943,remodel_commercial,finaled,Business 430
P-431,2015-10-02,32.35246,-86.25656,residential_new,finaled,
P-432,2019-03-10,32.39757,-86.30972,remodel_commercial,active,Business 432
P-433,2014-11-14,32.34726,-86.25503,new_commercial,expired_closed,Business 433
P-434,2015-01-07,32.33702,-86.28008,residential_new,finaled,
P-435,2023-01-11,32.35069,-86.26555,residential_new,finaled,
P-436,2019-04-23,32.32017,-86.25564,remodel_commercial,finaled,Business 436
P-437,2021-12-21,32.33807,-86.28216,remodel_commercial,finaled,Business 437
P-438,2023-07-30,32.38013,-86.30635,residential_new,finaled,
P-439,2020-03-08,32.33656,-86.26137,new_commercial,expired_closed,Business 439
P-440,2014-06-14,32.33747,-86.27721,residential_new,finaled,
P-441,2023-08-14,32.37227,-86.28991,residential_new,finaled,
P-442,2016-03-15,32.32435,-86.25888,roofing,finaled,
P-443,2015-01-08,32.3736,-86.30413,new_commercial,expired_closed,Business 443
P-444,2016-07-26,32.33877,-86.27901,roofing,finaled,
P-445,2016-07-09,32.34539,-86.30424,remodel_commercial,finaled,Business 445
P-446,2018-12-25,32.39359,-86.28719,roofing,finaled,
P-447,2020-05-23,32.3825,-86.28447,residential_new,finaled,
P-448,2019-11-18,32.3669,-86.30415,remodel_commercial,active,Business 448
P-449,2022-03-03,32.35361,-86.27477,residential_new,finaled,
P-450,2018-06-30,32.36716,-86.26305,remodel_commercial,finaled,Business 450
P-451,2014-12-18,32.32253,-86.29915,remodel_commercial,finaled,Business 451
P-452,2015-09-19,32.34953,-86.3066,new_commercial,active,Business 452
P-453,2018-06-13,32.35913,-86.25315,new_commercial,finaled,Business 453
P-454,2015-04-04,32.37736,-86.25865,new_commercial,finaled,Business 454
P-455,2017-01-31,32.36329,-86.28093,remodel_commercial,finaled,Business 455
P-456,2023-08-16,32.39964,-86.27331,roofing,finaled,
P-457,2018-05-15,32.36519,-86.28071,new_commercial,active,Business 457
P-458,2020-09-30,32.34124,-86.30638,remodel_commercial,finaled,Business 458
P-459,2017-01-11,32.38014,-86.2727,roofing,finaled,
P-460,2022-05-20,32.37782,-86.28206,new_commercial,finaled,Business 460
P-461,2019-08-23,32.34134,-86.30068,residential_new,finaled,
P-462,2017-02-16,32.33067,-86.28374,remodel_commercial,active,Business 462
P-463,2023-05-06,32.34227,-86.25625,remodel_commercial,expired_closed,Business 463
P-464,2023-11-28,,,roofing,finaled,
P-465,2020-11-15,32.34713,-86.27074,new_commercial,finaled,Business 465
P-466,2015-08-03,32.39213,-86.2869,new_commercial,finaled,Business 466
P-467,2024-08-31,32.35785,-86.25605,new_commercial,expired_closed,Business 467
P-468,2015-08-24,32.37377,-86.2793,roofing,finaled,
P-469,2018-08-17,32.36439,-86.3041,roofing,finaled,
P-470,2020-03-05,32.34578,-86.28555,residential_new,finaled,
P-471,2019-03-13,32.3342,-86.28884,roofing,finaled,
P-472,2017-04-16,32.37787,-86.27777,residential_new,finaled,
P-473,2017-06-02,32.37493,-86.25218,new_commercial,active,Business 473
P-474,2024-09-28,32.36276,-86.30078,new_commercial,finaled,Business 474
P-475,2019-11-19,32.33142,-86.27236,remodel_commercial,expired_closed,Business 475
P-476,2021-11-29,32.32491,-86.27879,new_commercial,active,Business 476
P-477,2023-02-12,32.34534,-86.29243,new_commercial,active,Business 477
P-478,2024-05-23,32.36225,-86.30936,remodel_commercial,active,Business 478
P-479,2016-10-10,32.36468,-86.29135,remodel_commercial,active,Business 479
P-480,2017-06-20,32.39858,-86.29965,roofing,finaled,
P-481,2019-05-25,32.36537,-86.30626,remodel_commercial,finaled,Business 481
P-482,2014-02-22,32.38166,-86.28719,roofing,finaled,
P-483,2018-03-08,32.32577,-86.2615,residential_new,finaled,
P-484,2017-08-10,32.33487,-86.25935,roofing,finaled,
P-485,2014-11-18,32.35947,-86.27219,new_commercial,active,Business 485
P-486,2021-05-12,32.37271,-86.26901,remodel_commercial,expired_closed,Business 486
P-487,2020-06-27,32.32655,-86.27105,new_commercial,active,Business 487
P-488,2021-04-14,32.32466,-86.25665,residential_new,finaled,
P-489,2014-11-29,32.35752,-86.28763,remodel_commercial,active,Business 489
P-490,2020-04-15,32.36388,-86.29744,remodel_commercial,expired_closed,Business 490
P-491,2017-06-14,32.378,-86.28959,remodel_commercial,finaled,Business 491
P-492,2023-08-25,,,new_commercial,active,Business 492
P-493,2024-04-28,32.37374,-86.3123,new_commercial,expired_closed,Business 493
P-494,2014-12-23,32.37481,-86.27607,remodel_commercial,active,Business 494
P-495,2014-10-16,32.32052,-86.28334,residential_new,finaled,
P-496,2023-04-25,32.39239,-86.30733,residential_new,finaled,
P-497,2018-05-10,32.32794,-86.25711,roofing,finaled,
P-498,2018-02-28,32.32428,-86.25096,roofing,finaled,
P-499,2017-06-18,32.38678,-86.29915,residential_new,finaled,
P-500,2019-08-18,32.39274,-86.31699,residential_new,finaled,
P-501,2014-02-09,32.35457,-86.30992,residential_new,finaled,
P-502,2015-02-10,32.39686,-86.31077,new_commercial,expired_closed,Business 502
P-503,2014-09-20,32.35617,-86.29394,residential_new,finaled,
P-504,2015-01-10,32.32036,-86.28255,remodel_commercial,finaled,Business 504
P-505,2020-04-22,32.32722,-86.30405,roofing,finaled,
P-506,2021-06-02,32.38278,-86.27651,remodel_commercial,active,Business 506
P-507,2021-03-31,32.36512,-86.30772,roofing,finaled,
P-508,2022-02-04,32.33491,-86.25438,roofing,finaled,
P-509,2022-05-24,32.3719,-86.25948,remodel_commercial,finaled,Business 509
P-510,2020-06-01,32.38563,-86.31272,residential_new,finaled,
P-511,2016-08-29,32.39944,-86.2919,residential_new,finaled,
P-512,2017-06-17,32.37963,-86.29225,new_commercial,finaled,Business 512
P-513,2014-05-27,32.33778,-86.25717,remodel_commercial,expired_closed,Business 513
P-514,2020-11-08,32.37519,-86.26979,roofing,finaled,
P-515,2021-11-03,,,remodel_commercial,expired_closed,Business 515
P-516,2020-05-13,32.38233,-86.28377,roofing,finaled,
P-517,2024-06-22,32.39105,-86.27229,remodel_commercial,expired_closed,Business 517
P-518,2019-06-09,32.37751,-86.29036,residential_new,finaled,
P-519,2016-12-17,32.34225,-86.31102,roofing,finaled,
P-520,2016-11-01,32.37541,-86.26748,roofing,finaled,
P-521,2017-01-30,32.34293,-86.28954,residential_new,finaled,
P-522,2022-12-15,32.37515,-86.26115,roofing,finaled,
P-523,2024-04-25,32.37861,-86.27551,remodel_commercial,active,Business 523
P-524,2015-10-10,32.33166,-86.26249,remodel_commercial,finaled,Business 524
P-525,2021-11-15,32.3613,-86.26823,new_commercial,active,Business 525
P-526,2019-03-21,32.3696,-86.30651,residential_new,finaled,
P-527,2015-02-12,32.35002,-86.29812,new_commercial,finaled,Business 527
P-528,2018-10-15,32.39422,-86.28845,remodel_commercial,active,Business 528
P-529,2018-09-25,32.33662,-86.31994,new_commercial,active,Business 529
P-530,2022-06-02,32.32653,-86.28752,residential_new,finaled,
P-531,2014-06-12,32.39137,-86.26495,roofing,finaled,
P-532,2016-07-05,32.37066,-86.28263,new_commercial,finaled,Business 532
P-533,2018-06-19,32.37283,-86.28392,remodel_commercial,active,Business 533
P-534,2020-09-18,32.34848,-86.25063,roofing,finaled,
P-535,2015-04-24,32.38886,-86.27762,roofing,finaled,
P-536,2018-03-27,32.36637,-86.28347,roofing,finaled,
P-537,2023-08-14,32.39481,-86.30325,roofing,finaled,
P-538,2014-05-30,32.36455,-86.27857,roofing,finaled,
P-539,2014-04-30,32.37332,-86.29052,remodel_commercial,finaled,Business 539
P-540,2019-06-09,32.36648,-86.26257,remodel_commercial,expired_closed,Business 540
P-541,2022-10-31,32.32226,-86.29709,roofing,finaled,
P-542,2017-09-06,32.32365,-86.26936,roofing,finaled,
P-543,2014-07-15,32.35543,-86.2533,new_commercial,finaled,Business 543
P-544,2018-12-11,32.34256,-86.2582,new_commercial,active,Business 544
P-545,2020-05-14,32.32666,-86.28638,residential_new,finaled,
P-546,2022-02-28,32.36959,-86.27527,residential_new,finaled,
P-547,2014-04-23,32.34289,-86.25719,new_commercial,active,Business 547
P-548,2022-03-14,32.34593,-86.30554,residential_new,finaled,
P-549,2018-12-14,32.37755,-86.25214,remodel_commercial,finaled,Business 549
P-550,2014-10-11,32.35183,-86.25798,remodel_commercial,active,Business 550
P-551,2017-04-23,,,new_commercial,active,Business 551
P-552,2016-04-01,32.32959,-86.25366,roofing,finaled,
P-553,2023-09-15,32.32549,-86.26655,residential_new,finaled,
P-554,2022-04-05,32.37012,-86.29415,residential_new,finaled,
P-555,2020-04-24,32.37612,-86.31932,remodel_commercial,active,Business 555
P-556,2022-03-26,32.33634,-86.26934,roofing,finaled,
P-557,2023-06-30,32.3721,-86.28797,remodel_commercial,finaled,Business 557
P-558,2023-11-07,32.34927,-86.30626,new_commercial,finaled,Business 558
P-559,2020-09-14,32.33195,-86.2633,remodel_commercial,active,Business 559
P-560,2015-09-09,32.38966,-86.27313,remodel_commercial,finaled,Business 560
P-561,2014-04-10,32.32568,-86.28595,remodel_commercial,active,Business 561
P-562,2017-03-29,32.36788,-86.26988,new_commercial,expired_closed,Business 562
P-563,2024-02-08,32.33187,-86.26266,roofing,finaled,
P-564,2023-02-01,32.39043,-86.31338,new_commercial,active,Business 564
P-565,2019-08-30,32.36945,-86.29268,residential_new,finaled,
P-566,2022-02-25,32.32802,-86.28697,new_commercial,active,Business 566
P-567,2021-01-26,32.32841,-86.26466,roofing,finaled,
P-568,2014-09-08,32.37684,-86.26776,remodel_commercial,active,Business 568
P-569,2018-08-13,32.38544,-86.28055,remodel_commercial,finaled,Business 569
P-570,2023-06-05,32.35937,-86.2667,new_commercial,active,Business 570
P-571,2016-02-20,32.37513,-86.25676,remodel_commercial,expired_closed,Business 571
P-572,2024-04-28,32.35533,-86.28619,residential_new,finaled,
P-573,2021-05-25,32.34715,-86.2936,new_commercial,active,Business 573
P-574,2022-07-23,32.3841,-86.2798,new_commercial,finaled,Business 574
P-575,2022-05-11,,,new_commercial,finaled,Business 575
P-576,2014-07-18,32.33246,-86.31728,new_commercial,expired_closed,Business 576
P-577,2022-05-14,32.35226,-86.25031,roofing,finaled,
P-578,2020-12-01,32.38339,-86.27127,remodel_commercial,active,Business 578
P-579,2024-07-26,,,residential_new,finaled,
P-580,2016-05-11,32.37048,-86.25655,remodel_commercial,expired_closed,Business 580
P-581,2021-04-03,32.36393,-86.27145,remodel_commercial,expired_closed,Business 581
P-582,2023-09-17,32.35009,-86.29334,residential_new,finaled,
P-583,2016-05-15,32.39923,-86.2745,roofing,finaled,
P-584,2023-04-14,32.38304,-86.25365,new_commercial,active,Business 584
P-585,2015-07-23,32.3263,-86.25514,remodel_commercial,finaled,Business 585
P-586,2020-12-08,32.38152,-86.26715,roofing,finaled,
P-587,2020-07-14,32.34439,-86.2645,new_commercial,expired_closed,Business 587
P-588,2015-01-19,32.32086,-86.30252,residential_new,finaled,
P-589,2019-05-16,32.39381,-86.25515,residential_new,finaled,
P-590,2016-08-14,32.39787,-86.26904,new_commercial,finaled,Business 590
P-591,2018-12-30,32.39185,-86.27697,new_commercial,active,Business 591
P-592,2021-04-15,32.33329,-86.25213,remodel_commercial,active,Business 592
P-593,2024-08-07,32.36671,-86.27015,residential_new,finaled,
P-594,2022-05-11,32.38264,-86.29442,new_commercial,finaled,Business 594
P-595,2024-01-05,,,remodel_commercial,expired_closed,Business 595
P-596,2021-02-28,32.39051,-86.3114,remodel_commercial,active,Business 596
P-597,2021-04-26,32.36326,-86.28413,remodel_commercial,expired_closed,Business 597
P-598,2017-02-27,32.38124,-86.26203,residential_new,finaled,
P-599,2021-03-17,32.38367,-86.30505,roofing,finaled,
P-600,2021-07-24,32.39763,-86.27222,residential_new,finaled,
P-601,2021-07-11,32.38731,-86.27678,new_commercial,active,Business 601
P-602,2022-10-27,32.37811,-86.27763,new_commercial,active,Business 602
P-603,2024-12-04,32.36605,-86.29994,new_commercial,active,Business 603
P-604,2017-10-28,32.38805,-86.26056,new_commercial,active,Business 604
P-605,2022-05-31,32.32778,-86.27345,residential_new,finaled,
P-606,2017-03-30,32.35614,-86.25306,roofing,finaled,
P-607,2022-11-03,32.32342,-86.29289,residential_new,finaled,
P-608,2018-02-07,32.37965,-86.31372,new_commercial,expired_closed,Business 608
P-609,2024-09-29,32.35455,-86.30552,remodel_commercial,expired_closed,Business 609
P-610,2020-07-08,32.3368,-86.28567,new_commercial,active,Business 610
P-611,2014-05-23,32.32559,-86.26367,residential_new,finaled,
P-612,2020-07-25,32.34126,-86.31542,residential_new,finaled,
P-613,2015-07-25,32.38451,-86.31992,new_commercial,expired_closed,Business 613
P-614,2016-04-02,32.34208,-86.25006,remodel_commercial,expired_closed,Business 614
P-615,2018-04-19,32.39659,-86.29989,residential_new,finaled,
P-616,2024-06-20,32.33388,-86.27575,remodel_commercial,expired_closed,Business 616
P-617,2016-12-29,32.3941,-86.26059,residential_new,finaled,
P-618,2023-07-11,32.34901,-86.2591,new_commercial,expired_closed,Business 618
P-619,2017-11-24,32.37915,-86.27356,new_commercial,expired_closed,Business 619
P-620,2022-11-01,32.32704,-86.25468,roofing,finaled,
P-621,2019-05-17,32.3373,-86.3105,remodel_commercial,expired_closed,Business 621
P-622,2020-09-14,32.33575,-86.30121,residential_new,finaled,
P-623,2016-09-06,32.33668,-86.26669,remodel_commercial,expired_closed,Business 623
P-624,2018-08-08,32.32907,-86.25295,roofing,finaled,
P-625,2024-08-06,32.33717,-86.31592,remodel_commercial,active,Business 625
P-626,2024-02-07,32.35821,-86.28737,roofing,finaled,
P-627,2019-02-11,32.36234,-86.31849,roofing,finaled,
P-628,2020-05-22,32.32538,-86.29992,residential_new,finaled,
P-629,2019-04-03,32.32401,-86.27523,new_commercial,active,Business 629
P-630,2021-06-15,32.37669,-86.30838,residential_new,finaled,
P-631,2023-06-17,32.33235,-86.30387,remodel_commercial,active,Business 631
P-632,2022-09-19,32.3921,-86.27689,remodel_commercial,active,Business 632
P-633,2021-01-21,32.3948,-86.29028,new_commercial,finaled,Business 633
P-634,2016-01-26,32.32575,-86.31232,residential_new,finaled,
P-635,2014-09-19,32.34823,-86.28736,remodel_commercial,active,Business 635
P-636,2024-08-03,32.36022,-86.27038,roofing,finaled,
P-637,2017-09-09,32.38501,-86.29026,roofing,finaled,
P-638,2014-03-31,32.39146,-86.29588,new_commercial,active,Business 638
P-639,2022-01-10,32.3951,-86.27831,roofing,finaled,
P-640,2024-10-21,32.39074,-86.28802,new_commercial,finaled,Business 640
P-641,2019-03-02,32.33848,-86.29995,new_commercial,expired_closed,Business 641
P-642,2019-07-05,32.33277,-86.30121,remodel_commercial,active,Business 642
P-643,2023-12-04,32.36196,-86.27457,new_commercial,finaled,Business 643
P-644,2014-07-27,32.37541,-86.31338,residential_new,finaled,
P-645,2020-06-07,32.38527,-86.25442,new_commercial,finaled,Business 645
P-646,2020-02-20,32.34104,-86.26872,residential_new,finaled,
P-647,2016-03-22,32.35045,-86.27035,new_commercial,finaled,Business 647
P-648,2016-12-02,32.39173,-86.29173,residential_new,finaled,
P-649,2017-02-06,32.39621,-86.26382,remodel_commercial,active,Business 649
P-650,2016-01-12,32.39832,-86.28663,residential_new,finaled,
P-651,2024-03-05,32.32161,-86.26704,residential_new,finaled,
P-652,2020-12-29,32.39072,-86.2682,roofing,finaled,
P-653,2015-05-22,32.33129,-86.25979,roofing,finaled,
P-654,2020-04-14,32.38337,-86.2573,remodel_commercial,finaled,Business 654
P-655,2014-02-09,32.39634,-86.29366,remodel_commercial,active,Business 655
P-656,2021-04-01,32.34837,-86.29996,residential_new,finaled,
P-657,2015-11-26,32.34219,-86.31518,residential_new,finaled,
P-658,2018-10-25,32.35353,-86.31395,new_commercial,expired_closed,Business 658
P-659,2018-01-26,32.33038,-86.30445,residential_new,finaled,
P-660,2023-12-21,32.37073,-86.30497,new_commercial,expired_closed,Business 660
P-661,2017-09-11,32.39339,-86.26057,roofing,finaled,
P-662,2024-12-08,32.3762,-86.25024,new_commercial,active,Business 662
P-663,2021-07-01,32.36265,-86.29339,residential_new,finaled,
P-664,2021-08-21,32.35073,-86.31172,residential_new,finaled,
P-665,2017-01-17,32.38658,-86.28066,residential_new,finaled,
P-666,2018-01-24,32.32297,-86.28725,remodel_commercial,active,Business 666
P-667,2022-06-25,32.38565,-86.2788,residential_new,finaled,
P-668,2023-05-24,32.34594,-86.31136,residential_new,finaled,
P-669,2021-12-18,32.32482,-86.30057,roofing,finaled,
P-670,2014-08-08,32.3686,-86.2798,remodel_commercial,active,Business 670
P-671,2017-01-15,32.34822,-86.31861,residential_new,finaled,
P-672,2016-05-30,32.37402,-86.31967,new_commercial,finaled,Business 672
P-673,2019-11-15,32.38031,-86.3125,residential_new,finaled,
P-674,2018-11-18,32.3311,-86.3109,remodel_commercial,expired_closed,Business 674
P-675,2016-04-02,32.35831,-86.28192,residential_new,finaled,
P-676,2015-02-24,32.38414,-86.25616,roofing,finaled,
P-677,2024-08-17,32.34239,-86.2785,new_commercial,expired_closed,Business 677
P-678,2024-07-18,32.37219,-86.27857,remodel_commercial,active,Business 678
P-679,2021-12-29,32.39663,-86.25148,remodel_commercial,active,Business 679
P-680,2020-07-01,32.37918,-86.26159,roofing,finaled,
P-681,2019-06-20,32.36754,-86.2999,new_commercial,finaled,Business 681
P-682,2014-08-13,32.39535,-86.30622,new_commercial,active,Business 682
P-683,2023-01-19,32.38595,-86.2985,residential_new,finaled,
P-684,2021-09-11,32.36789,-86.25331,new_commercial,finaled,Business 684
P-685,2019-02-14,32.37504,-86.29652,residential_new,finaled,
P-686,2018-11-21,32.35174,-86.30231,remodel_commercial,expired_closed,Business 686
P-687,2015-01-27,32.36445,-86.27531,remodel_commercial,finaled,Business 687
P-688,2015-04-22,32.33953,-86.26768,roofing,finaled,
P-689,2019-07-08,32.39484,-86.25615,roofing,finaled,
P-690,2014-02-27,32.33156,-86.29949,roofing,finaled,
P-691,2022-03-09,,,new_commercial,finaled,Business 691
P-692,2014-11-27,32.37985,-86.30189,remodel_commercial,finaled,Business 692
P-693,2016-12-23,32.32416,-86.3137,residential_new,finaled,
P-694,2014-08-22,32.38105,-86.27093,new_commercial,expired_closed,Business 694
P-695,2022-01-26,32.37,-86.26945,roofing,finaled,
P-696,2018-02-05,32.33152,-86.26786,new_commercial,expired_closed,Business 696
P-697,2015-10-17,32.35185,-86.28162,new_commercial,expired_closed,Business 697
P-698,2014-04-11,32.37701,-86.25097,remodel_commercial,finaled,Business 698
P-699,2024-06-02,32.33662,-86.25118,new_commercial,finaled,Business 699
P-700,2017-02-20,32.32391,-86.31293,remodel_commercial,finaled,Business 700
P-701,2014-01-27,32.39568,-86.27059,remodel_commercial,expired_closed,Business 701
P-702,2015-07-24,32.39447,-86.26214,new_commercial,finaled,Business 702
P-703,2014-06-28,32.32148,-86.28918,roofing,finaled,
P-704,2015-01-29,32.35284,-86.29643,residential_new,finaled,
P-705,2016-01-14,32.3482,-86.28635,roofing,finaled,
P-706,2015-11-24,32.3279,-86.25287,remodel_commercial,finaled,Business 706
P-707,2014-01-14,32.36837,-86.27139,roofing,finaled,
P-708,2016-06-30,32.34871,-86.27108,residential_new,finaled,
P-709,2016-04-21,32.39986,-86.27613,roofing,finaled,
P-710,2020-11-26,32.34812,-86.25243,residential_new,finaled,
P-711,2016-10-04,32.35617,-86.25364,remodel_commercial,expired_closed,Business 711
P-712,2022-07-10,32.36983,-86.28875,roofing,finaled,
P-713,2015-08-30,32.37432,-86.28499,roofing,finaled,
P-714,2021-09-01,32.33361,-86.27838,new_commercial,finaled,Business 714
P-715,2022-10-21,32.37017,-86.26129,residential_new,finaled,
P-716,2020-11-07,32.37923,-86.25107,remodel_commercial,expired_closed,Business 716
P-717,2017-01-28,32.39551,-86.31138,remodel_commercial,expired_closed,Business 717
P-718,2018-08-29,32.39614,-86.29015,new_commercial,finaled,Business 718
P-719,2015-11-12,32.3887,-86.28265,new_commercial,expired_closed,Business 719
P-720,2019-10-25,32.38284,-86.31834,roofing,finaled,
P-721,2018-03-02,32.39835,-86.25033,residential_new,finaled,
P-722,2017-04-09,32.37574,-86.26557,new_commercial,finaled,Business 722
P-723,2019-03-19,32.34533,-86.2654,residential_new,finaled,
P-724,2019-07-11,32.35598,-86.27511,residential_new,finaled,
P-725,2022-03-30,32.37261,-86.28499,new_commercial,expired_closed,Business 725
P-726,2017-01-11,32.3287,-86.28009,residential_new,finaled,
P-727,2014-01-06,32.37535,-86.30899,residential_new,finaled,
P-728,2014-01-21,32.37083,-86.28567,residential_new,finaled,
P-729,2018-05-20,32.37146,-86.27812,residential_new,finaled,
P-730,2016-09-29,32.37497,-86.28033,remodel_commercial,expired_closed,Business 730
P-731,2020-08-16,32.35977,-86.26792,residential_new,finaled,
P-732,2023-01-30,32.33153,-86.31242,roofing,finaled,
P-733,2018-04-05,32.37468,-86.26199,new_commercial,active,Business 733
P-734,2018-08-16,32.39901,-86.27829,roofing,finaled,
P-735,2024-03-23,32.39325,-86.25032,residential_new,finaled,
P-736,2022-11-17,32.33079,-86.28407,remodel_commercial,expired_closed,Business 736
P-737,2021-03-29,32.38393,-86.27294,residential_new,finaled,
P-738,2016-08-01,32.37135,-86.2618,remodel_commercial,expired_closed,Business 738
P-739,2015-04-21,32.3308,-86.26094,residential_new,finaled,
P-740,2015-07-18,32.3978,-86.30689,remodel_commercial,finaled,Business 740
P-741,2022-10-12,32.33338,-86.26378,roofing,finaled,
P-742,2022-07-27,32.37762,-86.30464,new_commercial,active,Business 742
P-743,2017-10-02,32.37938,-86.31855,new_commercial,expired_closed,Business 743
P-744,2017-05-07,32.32956,-86.26597,remodel_commercial,expired_closed,Business 744
P-745,2024-12-31,32.36558,-86.30167,residential_new,finaled,
P-746,2019-12-13,32.34381,-86.29963,roofing,finaled,
P-747,2023-01-19,32.35054,-86.293,roofing,finaled,
P-748,2024-05-25,32.33829,-86.31712,roofing,finaled,
P-749,2022-06-21,32.38343,-86.30634,new_commercial,active,Business 749
P-750,2021-04-30,32.3315,-86.26015,new_commercial,active,Business 750
P-751,2015-08-01,,,residential_new,finaled,
P-752,2024-02-23,32.36862,-86.28721,roofing,finaled,
P-753,2021-12-25,32.34775,-86.29394,residential_new,finaled,
P-754,2023-03-27,32.32707,-86.3022,residential_new,finaled,
P-755,2019-08-20,32.36326,-86.26237,roofing,finaled,
P-756,2015-11-20,,,roofing,finaled,
P-757,2024-12-06,32.37327,-86.26743,roofing,finaled,
P-758,2014-11-15,32.32062,-86.28161,remodel_commercial,expired_closed,Business 758
P-759,2016-09-26,32.37327,-86.27915,roofing,finaled,
P-760,2015-07-02,32.36371,-86.30201,new_commercial,finaled,Business 760
P-761,2018-12-14,32.39072,-86.31525,roofing,finaled,
P-762,2015-10-10,32.39961,-86.27698,new_commercial,finaled,Business 762
P-763,2016-03-09,32.3585,-86.26853,residential_new,finaled,
P-764,2020-02-20,32.36861,-86.26475,roofing,finaled,
P-765,2018-01-26,32.37879,-86.28825,remodel_commercial,finaled,Business 765
P-766,2024-10-27,32.32736,-86.28003,residential_new,finaled,
P-767,2014-12-27,32.34466,-86.31987,residential_new,finaled,
P-768,2015-11-23,32.32576,-86.26717,remodel_commercial,expired_closed,Business 768
P-769,2018-03-14,32.35042,-86.25928,residential_new,finaled,
P-770,2018-07-03,32.35368,-86.31185,remodel_commercial,expired_closed,Business 770
P-771,2020-02-11,32.36848,-86.26376,residential_new,finaled,
P-772,2014-10-23,,,new_commercial,active,Business 772
P-773,2023-10-06,32.33796,-86.30507,residential_new,finaled,
P-774,2022-10-02,32.33067,-86.2726,new_commercial,active,Business 774
P-775,2022-10-28,32.35693,-86.26666,residential_new,finaled,
P-776,2015-03-06,32.34813,-86.30228,roofing,finaled,
P-777,2016-07-26,32.32197,-86.27322,remodel_commercial,finaled,Business 777
P-778,2023-12-11,32.38527,-86.30211,new_commercial,active,Business 778
P-779,2023-11-29,32.32863,-86.27137,residential_new,finaled,
P-780,2022-03-12,32.32091,-86.29353,new_commercial,active,Business 780
P-781,2022-08-25,32.34352,-86.28679,new_commercial,active,Business 781
P-782,2023-03-03,,,new_commercial,expired_closed,Business 782
P-783,2022-01-11,32.39574,-86.29465,residential_new,finaled,
P-784,2020-03-28,32.37338,-86.2559,residential_new,finaled,
P-785,2022-11-22,32.38021,-86.28151,remodel_commercial,active,Business 785
P-786,2017-01-18,32.37756,-86.26056,roofing,finaled,
P-787,2020-02-22,32.34264,-86.31573,residential_new,finaled,
P-788,2020-12-02,32.34751,-86.26546,residential_new,finaled,
P-789,2015-12-20,32.37395,-86.31467,roofing,finaled,
P-790,2015-07-21,32.34479,-86.29697,remodel_commercial,finaled,Business 790
P-791,2016-03-18,32.382,-86.31517,new_commercial,expired_closed,Business 791
P-792,2019-08-19,32.39064,-86.31897,roofing,finaled,
P-793,2020-02-24,32.36064,-86.30805,remodel_commercial,expired_closed,Business 793
P-794,2016-02-10,32.37595,-86.29764,residential_new,finaled,
P-795,2023-10-12,32.32815,-86.30357,residential_new,finaled,
P-796,2018-09-12,32.39653,-86.25895,roofing,finaled,
P-797,2024-04-13,32.38283,-86.31632,remodel_commercial,expired_closed,Business 797
P-798,2024-02-07,32.34804,-86.28304,roofing,finaled,
P-799,2022-06-10,32.36367,-86.30339,remodel_commercial,active,Business 799
P-800,2019-09-24,32.33806,-86.26083,roofing,finaled,
P-801,2022-12-08,32.38463,-86.26957,roofing,finaled,
P-802,2020-07-03,32.34327,-86.26587,roofing,finaled,
P-803,2015-09-14,32.35676,-86.28605,roofing,finaled,
P-804,2024-12-31,32.39944,-86.25464,residential_new,finaled,
P-805,2021-09-26,32.36272,-86.26105,residential_new,finaled,
P-806,2023-07-13,32.35677,-86.27203,new_commercial,finaled,Business 806
P-807,2024-07-14,32.32814,-86.30421,remodel_commercial,finaled,Business 807
P-808,2023-01-23,32.39612,-86.31668,remodel_commercial,expired_closed,Business 808
P-809,2019-02-28,32.39856,-86.25745,roofing,finaled,
P-810,2019-12-21,32.3533,-86.29951,roofing,finaled,
P-811,2023-02-26,32.36745,-86.29715,new_commercial,finaled,Business 811
P-812,2015-02-08,32.37202,-86.31166,new_commercial,active,Business 812
P-813,2022-10-02,32.34292,-86.27895,roofing,finaled,
P-814,2016-06-23,32.34919,-86.26719,new_commercial,finaled,Business 814
P-815,2024-09-02,32.36584,-86.31661,new_commercial,expired_closed,Business 815
P-816,2016-06-21,32.35758,-86.2637,new_commercial,expired_closed,Business 816
P-817,2020-01-14,32.38005,-86.31041,roofing,finaled,
P-818,2017-06-21,32.39151,-86.27757,roofing,finaled,
P-819,2022-07-20,32.34993,-86.30439,roofing,finaled,
P-820,2019-03-29,32.35954,-86.29062,roofing,finaled,
P-821,2015-07-28,32.39784,-86.31343,remodel_commercial,active,Business 821
P-822,2017-05-23,32.39977,-86.27951,remodel_commercial,expired_closed,Business 822
P-823,2021-01-14,32.36407,-86.26774,remodel_commercial,finaled,Business 823
P-824,2022-11-01,32.3918,-86.27485,new_commercial,active,Business 824
P-825,2021-05-26,32.36097,-86.25607,residential_new,finaled,
P-826,2023-06-21,32.38246,-86.25734,new_commercial,active,Business 826
P-827,2022-02-03,32.38688,-86.31937,roofing,finaled,
P-828,2022-08-02,32.35411,-86.27162,new_commercial,expired_closed,Business 828
P-829,2020-08-04,32.35768,-86.31032,new_commercial,finaled,Business 829
P-830,2020-11-30,,,new_commercial,expired_closed,Business 830
P-831,2021-08-11,32.3348,-86.28948,remodel_commercial,active,Business 831
P-832,2020-12-01,32.32505,-86.25043,remodel_commercial,active,Business 832
P-833,2019-03-07,32.37954,-86.27608,remodel_commercial,active,Business 833
P-834,2014-03-29,32.34255,-86.31116,remodel_commercial,expired_closed,Business 834
P-835,2021-09-09,32.39195,-86.28771,new_commercial,expired_closed,Business 835
P-836,2021-10-18,32.32032,-86.25106,remodel_commercial,active,Business 836
P-837,2016-11-16,32.3907,-86.26538,new_commercial,expired_closed,Business 837
P-838,2020-04-04,32.3742,-86.3181,remodel_commercial,expired_closed,Business 838
P-839,2021-11-11,32.37784,-86.2652,residential_new,finaled,
P-840,2020-12-01,32.39617,-86.26236,residential_new,finaled,
P-841,2024-07-02,,,new_commercial,expired_closed,Business 841
P-842,2018-08-23,32.39137,-86.27564,residential_new,finaled,
P-843,2019-12-22,32.35853,-86.31218,roofing,finaled,
P-844,2018-02-10,32.36301,-86.30035,roofing,finaled,
P-845,2016-12-30,32.34379,-86.31528,new_commercial,active,Business 845
P-846,2020-02-23,32.32953,-86.26874,remodel_commercial,active,Business 846
P-847,2020-12-12,32.38526,-86.28738,residential_new,finaled,
P-848,2014-06-12,32.37144,-86.25825,new_commercial,finaled,Business 848
P-849,2022-03-25,32.331,-86.26831,remodel_commercial,finaled,Business 849
P-850,2022-04-05,32.33553,-86.26607,remodel_commercial,expired_closed,Business 850
P-851,2014-11-02,32.38294,-86.3025,new_commercial,expired_closed,Business 851
P-852,2021-08-15,32.3902,-86.25647,residential_new,finaled,
P-853,2022-10-19,32.39757,-86.28412,new_commercial,expired_closed,Business 853
P-854,2017-02-19,32.33469,-86.3107,new_commercial,finaled,Business 854
P-855,2022-11-19,32.36739,-86.26138,remodel_commercial,expired_closed,Business 855
P-856,2019-03-27,32.34635,-86.30506,remodel_commercial,active,Business 856
P-857,2018-07-27,32.36763,-86.3114,residential_new,finaled,
P-858,2021-03-26,32.36622,-86.31025,residential_new,finaled,
P-859,2021-09-19,32.3201,-86.29784,remodel_commercial,expired_closed,Business 859
P-860,2014-06-20,32.3356,-86.31233,residential_new,finaled,
P-861,2024-07-10,32.35812,-86.29406,remodel_commercial,expired_closed,Business 861
P-862,2024-06-06,32.33379,-86.29626,new_commercial,finaled,Business 862
P-863,2020-05-01,32.36808,-86.31671,roofing,finaled,
P-864,2015-03-20,32.37121,-86.25132,remodel_commercial,finaled,Business 864
P-865,2014-04-03,32.36056,-86.31599,remodel_commercial,finaled,Business 865
P-866,2014-03-19,,,remodel_commercial,finaled,Business 866
P-867,2022-11-16,32.37316,-86.27943,remodel_commercial,active,Business 867
P-868,2014-10-20,32.36168,-86.25677,new_commercial,finaled,Business 868
P-869,2016-10-29,32.35564,-86.26018,new_commercial,active,Business 869
P-870,2022-09-27,32.35378,-86.30296,residential_new,finaled,
P-871,2018-07-25,32.33796,-86.27214,remodel_commercial,expired_closed,Business 871
P-872,2018-01-20,32.33036,-86.27005,new_commercial,active,Business 872
P-873,2020-12-07,32.36748,-86.29438,roofing,finaled,
P-874,2019-08-05,32.37755,-86.28303,remodel_commercial,active,Business 874
P-875,2023-12-29,32.34829,-86.30934,residential_new,finaled,
P-876,2023-07-08,32.37834,-86.26501,roofing,finaled,
P-877,2021-01-06,32.39821,-86.29136,residential_new,finaled,
P-878,2014-11-13,32.33713,-86.25728,remodel_commercial,expired_closed,Business 878
P-879,2016-06-14,32.37163,-86.29268,roofing,finaled,
P-880,2022-06-17,32.38555,-86.31784,remodel_commercial,finaled,Business 880
P-881,2015-10-20,32.34682,-86.29175,roofing,finaled,
P-882,2018-07-06,32.38044,-86.26018,roofing,finaled,
P-883,2018-11-10,32.37347,-86.2807,new_commercial,active,Business 883
P-884,2018-04-04,32.34908,-86.28654,new_commercial,finaled,Business 884
P-885,2018-01-14,32.3271,-86.30669,roofing,finaled,
P-886,2015-04-27,32.32899,-86.29085,residential_new,finaled,
P-887,2019-09-16,32.39001,-86.27871,residential_new,finaled,
P-888,2014-11-03,32.39162,-86.26221,residential_new,finaled,
P-889,2017-07-29,32.35166,-86.27784,residential_new,finaled,
P-890,2015-06-15,32.33238,-86.31741,residential_new,finaled,
P-891,2023-03-07,32.34817,-86.26008,remodel_commercial,finaled,Business 891
P-892,2016-10-11,32.36891,-86.25428,roofing,finaled,
P-893,2024-08-30,32.37332,-86.2869,remodel_commercial,finaled,Business 893
P-894,2015-02-15,32.37196,-86.27247,roofing,finaled,
P-895,2017-10-16,32.39143,-86.27581,residential_new,finaled,
P-896,2014-02-06,32.39347,-86.25392,residential_new,finaled,
P-897,2019-02-05,32.33402,-86.29521,new_commercial,finaled,Business 897
P-898,2022-05-30,32.32518,-86.27553,new_commercial,active,Business 898
P-899,2018-04-05,,,roofing,finaled,
P-900,2017-12-07,32.32328,-86.29917,remodel_commercial,finaled,Business 900
P-901,2015-05-29,32.38803,-86.28449,remodel_commercial,expired_closed,Business 901
P-902,2022-06-17,32.38567,-86.28132,residential_new,finaled,
P-903,2015-12-03,32.35186,-86.31824,roofing,finaled,
P-904,2017-04-01,32.35511,-86.28916,residential_new,finaled,
P-905,2023-06-17,32.35916,-86.28459,roofing,finaled,
P-906,2019-01-26,32.33238,-86.2666,new_commercial,active,Business 906
P-907,2014-02-03,,,remodel_commercial,expired_closed,Business 907
P-908,2016-12-01,32.34834,-86.30683,residential_new,finaled,
P-909,2019-09-03,32.39711,-86.31057,roofing,finaled,
P-910,2017-02-10,32.33422,-86.27104,roofing,finaled,
P-911,2021-06-21,32.34408,-86.2681,residential_new,finaled,
P-912,2015-07-28,32.33708,-86.30243,residential_new,finaled,
P-913,2015-03-10,32.38944,-86.2946,roofing,finaled,
P-914,2015-06-21,32.38316,-86.28779,remodel_commercial,finaled,Business 914
P-915,2024-02-22,32.34019,-86.27775,new_commercial,active,Business 915
P-916,2023-03-07,32.36284,-86.28761,remodel_commercial,active,Business 916
P-917,2016-02-27,32.37445,-86.30714,remodel_commercial,expired_closed,Business 917
P-918,2024-07-16,32.37746,-86.2549,roofing,finaled,
P-919,2015-05-10,32.3525,-86.27857,new_commercial,finaled,Business 919
P-920,2018-11-07,32.34188,-86.2918,residential_new,finaled,
P-921,2020-11-19,32.32478,-86.29959,remodel_commercial,active,Business 921
P-922,2020-01-06,32.36853,-86.30259,roofing,finaled,
P-923,2022-09-18,32.38463,-86.27084,roofing,finaled,
P-924,2024-03-15,32.35929,-86.26181,remodel_commercial,finaled,Business 924
P-925,2019-10-31,32.34354,-86.27242,residential_new,finaled,
P-926,2021-07-14,32.32657,-86.31831,remodel_commercial,active,Business 926
P-927,2017-11-18,32.37105,-86.28782,new_commercial,finaled,Business 927
P-928,2018-11-01,32.33533,-86.28921,new_commercial,active,Business 928
P-929,2021-12-09,32.36487,-86.29158,residential_new,finaled,
P-930,2019-08-30,32.32299,-86.29548,remodel_commercial,expired_closed,Business 930
P-931,2024-09-25,32.394,-86.28466,residential_new,finaled,
P-932,2019-05-04,32.3472,-86.27366,remodel_commercial,finaled,Business 932
P-933,2014-10-01,32.33121,-86.25798,remodel_commercial,finaled,Business 933
P-934,2016-10-06,32.36234,-86.28501,new_commercial,finaled,Business 934
P-935,2017-06-18,,,residential_new,finaled,
P-936,2017-05-04,32.32468,-86.25065,new_commercial,finaled,Business 936
P-937,2020-03-12,32.33977,-86.27204,roofing,finaled,
P-938,2016-09-20,32.34432,-86.2799,new_commercial,finaled,Business 938
P-939,2017-01-29,32.34147,-86.3131,remodel_commercial,finaled,Business 939
P-940,2024-12-04,32.39994,-86.28526,remodel_commercial,finaled,Business 940
P-941,2014-02-13,32.34478,-86.30189,residential_new,finaled,
P-942,2022-06-18,32.39256,-86.25416,remodel_commercial,active,Business 942
P-943,2021-05-30,32.32643,-86.30079,residential_new,finaled,
P-944,2021-12-30,32.34275,-86.26132,residential_new,finaled,
P-945,2019-11-11,32.39434,-86.29935,roofing,finaled,
P-946,2017-07-02,32.34771,-86.28699,residential_new,finaled,
P-947,2021-10-29,32.35793,-86.2741,roofing,finaled,
P-948,2016-04-30,32.32687,-86.26295,new_commercial,expired_closed,Business 948
P-949,2022-12-01,32.36362,-86.29835,roofing,finaled,
P-950,2016-06-25,32.39588,-86.26937,new_commercial,expired_closed,Business 950
P-951,2020-12-31,32.34869,-86.28508,new_commercial,active,Business 951
P-952,2023-04-17,32.3665,-86.31994,remodel_commercial,finaled,Business 952
P-953,2017-10-17,32.38459,-86.25488,remodel_commercial,active,Business 953
P-954,2022-01-26,32.38703,-86.30262,new_commercial,active,Business 954
P-955,2018-10-01,32.39608,-86.25431,roofing,finaled,
P-956,2018-02-22,32.37256,-86.29459,residential_new,finaled,
P-957,2015-10-31,,,roofing,finaled,
P-958,2020-01-14,32.36504,-86.30498,residential_new,finaled,
P-959,2019-01-25,32.35277,-86.27493,new_commercial,finaled,Business 959
P-960,2023-07-29,32.36146,-86.31703,roofing,finaled,
P-961,2024-10-01,32.33806,-86.30797,remodel_commercial,expired_closed,Business 961
P-962,2019-09-09,32.37811,-86.2793,new_commercial,expired_closed,Business 962
P-963,2022-04-04,32.34816,-86.25796,new_commercial,active,Business 963
P-964,2021-11-09,32.38589,-86.29369,remodel_commercial,finaled,Business 964
P-965,2022-01-18,32.37669,-86.31078,residential_new,finaled,
P-966,2015-01-13,32.38497,-86.30377,new_commercial,finaled,Business 966
P-967,2020-07-14,32.36931,-86.30162,remodel_commercial,active,Business 967
P-968,2019-03-27,32.33934,-86.30201,new_commercial,expired_closed,Business 968
P-969,2017-04-21,32.34849,-86.25311,residential_new,finaled,
P-970,2020-04-27,32.32928,-86.30971,roofing,finaled,
P-971,2019-08-14,32.34538,-86.28467,new_commercial,expired_closed,Business 971
P-972,2016-05-25,32.37315,-86.26484,remodel_commercial,active,Business 972
P-973,2017-02-11,32.32219,-86.28629,new_commercial,expired_closed,Business 973
P-974,2022-07-14,32.37416,-86.26824,remodel_commercial,active,Business 974
P-975,2022-10-20,32.37716,-86.28494,remodel_commercial,expired_closed,Business 975
P-976,2014-04-22,32.35636,-86.25916,roofing,finaled,
P-977,2014-04-13,32.32792,-86.27361,new_commercial,active,Business 977
P-978,2014-06-30,32.33318,-86.28398,residential_new,finaled,
P-979,2019-04-21,32.322,-86.27748,new_commercial,expired_closed,Business 979
P-980,2023-01-25,32.39616,-86.28964,new_commercial,active,Business 980
P-981,2024-02-13,32.39853,-86.29498,roofing,finaled,
P-982,2023-01-12,32.35186,-86.25256,remodel_commercial,active,Business 982
P-983,2023-11-10,32.32955,-86.28801,remodel_commercial,finaled,Business 983
P-984,2024-12-16,32.35376,-86.30394,new_commercial,active,Business 984
P-985,2015-09-22,32.36893,-86.29134,roofing,finaled,
P-986,2020-06-06,32.3683,-86.25694,residential_new,finaled,
P-987,2024-08-17,32.33644,-86.28411,residential_new,finaled,
P-988,2023-01-12,32.33151,-86.31402,new_commercial,active,Business 988
P-989,2024-01-26,32.36711,-86.3045,residential_new,finaled,
P-990,2024-06-17,32.34076,-86.30125,residential_new,finaled,
P-991,2020-07-08,32.37896,-86.2555,residential_new,finaled,
P-992,2021-11-22,32.39581,-86.31622,new_commercial,finaled,Business 992
P-993,2018-08-27,,,roofing,finaled,
P-994,2022-01-16,32.39986,-86.26276,remodel_commercial,expired_closed,Business 994
P-995,2017-04-30,32.36781,-86.26611,remodel_commercial,expired_closed,Business 995
P-996,2023-09-27,32.35157,-86.29346,roofing,finaled,
P-997,2021-06-16,32.39462,-86.31301,roofing,finaled,
P-998,2017-12-01,32.38899,-86.29374,new_commercial,active,Business 998
P-999,2015-04-07,32.34822,-86.26118,remodel_commercial,active,Business 999
